R(x),Decomposable,P(x),Q(x)
13983424*x**15 - 239715840*x**14 + 1978369120*x**13 - 10709731648*x**12 + 43116765664*x**11 - 137010763136*x**10 + 354962745216*x**9 - 764609798496*x**8 + 1382305893620*x**7 - 2102871453500*x**6 + 2683348882730*x**5 - 2836554899104*x**4 + 2432837093472*x**3 - 1625466795303*x**2 + 775571593475*x - 224902266003,1,-26*x**5 - 18*x**4 - 42*x**3 + 47*x**2 - 23*x + 11,-14*x**3 + 48*x**2 - 67*x + 97
59966337371*x**15 - 299831686855*x**14 + 756952127470*x**13 - 870404948624*x**12 - 25065284849*x**11 + 1718367150873*x**10 - 2094086749902*x**9 + 297660114976*x**8 + 2092754276638*x**7 - 1753586414592*x**6 - 197202364372*x**5 + 1418662361034*x**4 - 338761083252*x**3 - 330317558540*x**2 + 321151664000*x + 146358156422,1,-71*x**5 - 29*x**4 + 16*x**3 - 30*x**2 - 89*x - 47,-61*x**3 + 61*x**2 - 32*x - 73
399334781250*x**15 - 1832241937500*x**14 + 3456663975000*x**13 - 3292230922500*x**12 + 1391262048000*x**11 + 150883867680*x**10 - 391040625860*x**9 + 105359114952*x**8 + 28081991136*x**7 - 16887540349*x**6 - 89270148*x**5 + 1132019812*x**4 - 66824305*x**3 - 39576442*x**2 + 2181004*x + 645499,1,90*x**5 - 48*x**4 + 28*x**3 + 35*x**2 + 79*x + 85,85*x**3 - 78*x**2 + 4*x + 6
-24307426166*x**15 + 63858492470*x**14 - 91824950900*x**13 - 22196140489*x**12 + 169677485574*x**11 - 239068763648*x**10 - 5447071428*x**9 + 204878345227*x**8 - 242647481616*x**7 - 33507410510*x**6 + 130624732012*x**5 - 108417896110*x**4 - 43562172152*x**3 + 34594669864*x**2 - 16230749088*x - 14366205547,1,34*x**5 - 19*x**4 - 16*x**3 - 8*x**2 - 14*x + 52,-59*x**3 + 31*x**2 - 12*x - 53
14658125312*x**15 - 55559023360*x**14 + 40496693760*x**13 + 137597640608*x**12 - 283105392992*x**11 + 26842337024*x**10 + 427371771984*x**9 - 382910196070*x**8 - 168591608564*x**7 + 434853560666*x**6 - 135623199990*x**5 - 171063585982*x**4 + 139286165972*x**3 + 40494003*x**2 - 33991450857*x + 10692123588,1,-16*x**5 - 62*x**4 - 22*x**3 + 28*x**2 + 77*x - 77,-62*x**3 + 47*x**2 + 37*x - 59
-60119076197*x**15 - 74119409010*x**14 + 70509331250*x**13 - 140003802411*x**12 - 271663307264*x**11 + 200699692320*x**10 - 123603377694*x**9 - 382682080908*x**8 + 243039761132*x**7 - 71802766370*x**6 - 251159940032*x**5 + 152185493792*x**4 - 47008333635*x**3 - 65607234638*x**2 + 41068183390*x - 18146375962,1,29*x**5 + 79*x**4 + 30*x**3 - 54*x**2 - 37*x - 4,-73*x**3 - 18*x**2 + 26*x - 58
73973403391*x**15 + 484473698265*x**14 + 1649470424155*x**13 + 3788347795200*x**12 + 6484594940455*x**11 + 8698777496043*x**10 + 9400166272680*x**9 + 8304967303035*x**8 + 6034844718125*x**7 + 3601840539542*x**6 + 1750100049725*x**5 + 679730040695*x**4 + 204315433587*x**3 + 44877284516*x**2 + 6431961818*x + 451050371,1,41*x**5 - 80*x**4 + 25*x**3 + 52*x**2 - 98*x + 31,71*x**3 + 93*x**2 + 73*x + 26
4278*x**3 - 2170*x**2 - 4278*x + 49*(69*x**3 - 35*x**2 - 69*x + 14)**5 + 30*(69*x**3 - 35*x**2 - 69*x + 14)**4 - 3*(69*x**3 - 35*x**2 - 69*x + 14)**2 + 868,1,-49*x**5 + 30*x**4 - 3*x**2 - 62*x,-69*x**3 + 35*x**2 + 69*x - 14
-399334781250*x**15 + 2302047562500*x**14 - 5895507881250*x**13 + 9551945093125*x**12 - 11894109831500*x**11 + 12230458412020*x**10 - 10421143510205*x**9 + 7626228122476*x**8 - 4874597729645*x**7 + 2650849426547*x**6 - 1275225623925*x**5 + 526769089525*x**4 - 176684642315*x**3 + 56151453147*x**2 - 10130157850*x + 2496809168,1,-90*x**5 - 89*x**4 - 77*x**3 + 88*x**2 - 13*x + 69,85*x**3 - 98*x**2 + 25*x - 31
515240415420*x**15 - 2018467606800*x**14 + 5154868371300*x**13 - 8614820351762*x**12 + 11055484331384*x**11 - 10505961018168*x**10 + 7838825095175*x**9 - 4209866020328*x**8 + 1665585970683*x**7 - 327697491735*x**6 + 16533306177*x**5 + 26313861192*x**4 + 3635119349*x**3 + 215534833*x**2 + 6104400*x + 68047,1,-60*x**5 - 2*x**4 - 95*x**3 + 69*x**2 + 8*x - 33,-97*x**3 + 76*x**2 - 75*x - 4
-15621947*x**15 + 305338055*x**14 - 1975337100*x**13 + 2194865343*x**12 + 26077283529*x**11 - 82419907623*x**10 - 98326506165*x**9 + 621176061258*x**8 - 53060793315*x**7 - 2038322053061*x**6 + 1303211830178*x**5 + 2991370013808*x**4 - 3247702512930*x**3 - 1150046634230*x**2 + 2611437190700*x - 883906713234,1,-97*x**5 - 77*x**4 - x**3 - 38*x**2 + 6*x + 50,11*x**3 - 43*x**2 - 58*x + 98
22499086176*x**15 + 27082233360*x**14 + 83870050320*x**13 + 18958939704*x**12 + 63755057502*x**11 - 81766414331*x**10 + 22473365258*x**9 - 84209702341*x**8 + 59720141534*x**7 - 32931444257*x**6 + 42057182462*x**5 - 24175489971*x**4 + 10575844824*x**3 - 7729584402*x**2 + 3326531236*x - 491613946,1,49*x**5 - 36*x**4 - 59*x**3 + 66*x**2 - 46*x - 96,54*x**3 + 13*x**2 + 34*x - 25
-47081250*x**15 + 847462500*x**14 - 6462686250*x**13 + 26336734875*x**12 - 56801511900*x**11 + 38384340588*x**10 + 98008954335*x**9 - 221228798616*x**8 + 44638306203*x**7 + 284935194135*x**6 - 197974156273*x**5 - 184426458765*x**4 + 168725887501*x**3 + 81226203615*x**2 - 55059319626*x - 25240616410,1,62*x**5 + 89*x**4 + 99*x**3 - 2*x**2 + 79*x - 25,-15*x**3 + 54*x**2 - 23*x - 53
-70254592*x**15 + 1141637120*x**14 - 7552368640*x**13 + 23656759296*x**12 - 19391131648*x**11 - 96434398208*x**10 + 285383511552*x**9 - 81811606528*x**8 - 758579467776*x**7 + 933211010624*x**6 + 751451535136*x**5 - 1844030427536*x**4 - 110363084736*x**3 + 1647801304356*x**2 - 192828684420*x - 636134716910,1,67*x**5 + 11*x**4 + 28*x**3 - 89*x**2 - 15*x + 88,-16*x**3 + 52*x**2 - 6*x - 99
-2867200000*x**15 + 31897600000*x**14 - 133701120000*x**13 + 265678272000*x**12 - 322610373600*x**11 + 492653498172*x**10 - 675005150540*x**9 + 404059447749*x**8 - 578354392788*x**7 + 586635689889*x**6 + 65225682115*x**5 + 631186778031*x**4 + 227256676063*x**3 + 259536299537*x**2 + 56668926556*x + 31909589229,1,28*x**5 - 31*x**4 - 93*x**3 + 86*x**2 - 33*x + 24,-40*x**3 + 89*x**2 + 23*x + 65
17332693*x**15 + 191571870*x**14 + 1047643660*x**13 + 3908318487*x**12 + 11195568664*x**11 + 25841572920*x**10 + 49516107983*x**9 + 80195400870*x**8 + 110470115528*x**7 + 129864055893*x**6 + 129807268364*x**5 + 108844479804*x**4 + 75386323086*x**3 + 41286181044*x**2 + 16556747064*x + 4298393151,1,7*x**5 - 58*x**4 - 17*x**3 + 64*x**2 - 22*x - 47,19*x**3 + 42*x**2 + 44*x + 59
-14198570*x**15 - 183746200*x**14 - 546079950*x**13 + 2108014263*x**12 + 12366733164*x**11 - 2916069900*x**10 - 92898075268*x**9 - 56717150070*x**8 + 321043335558*x**7 + 323031259054*x**6 - 460437827582*x**5 - 708166890477*x**4 + 60843605005*x**3 + 542537474270*x**2 + 319019231723*x + 59234111967,1,10*x**5 + 53*x**4 + 96*x**3 + 64*x**2 - 59*x - 13,-17*x**3 - 44*x**2 + 97*x + 89
-38185504*x**15 - 136376800*x**14 + 677987520*x**13 + 2092628496*x**12 - 6106272480*x**11 - 11846573184*x**10 + 33657043888*x**9 + 22083644736*x**8 - 101194555824*x**7 + 36615587488*x**6 + 106313912288*x**5 - 138076615728*x**4 + 74396250210*x**3 - 21063287738*x**2 + 3084287552*x - 184804763,1,71*x**5 - 74*x**4 - 96*x**3 - 46*x**2 - 6*x + 48,-14*x**3 - 10*x**2 + 64*x - 19
79460269056*x**15 + 146623115520*x**14 + 217006715520*x**13 + 171550114848*x**12 + 113064612108*x**11 + 32956428061*x**10 + 5808803473*x**9 - 6965239604*x**8 - 1717526290*x**7 - 916289113*x**6 + 419977667*x**5 - 12627616*x**4 + 36805562*x**3 - 17588096*x**2 + 2414632*x - 99052,1,19*x**5 + 83*x**4 - 68*x**3 - 60*x**2 - 79*x + 61,84*x**3 + 31*x**2 + 23*x - 7
-3969746172*x**15 - 24259559940*x**14 - 37877119560*x**13 + 37742538708*x**12 + 128282273028*x**11 + 1524098548*x**10 - 159257805161*x**9 - 28837484165*x**8 + 94390312961*x**7 + 15642469766*x**6 - 21968337526*x**5 - 5788814287*x**4 + 1559968709*x**3 + 794582791*x**2 + 109055476*x + 4937115,1,-4*x**5 - 52*x**4 - 55*x**3 + 45*x**2 + 43*x - 25,63*x**3 + 77*x**2 - 68*x - 20
381630091648*x**15 - 1278866796480*x**14 + 3175787759040*x**13 - 5065174264400*x**12 + 6557830199640*x**11 - 6302173185396*x**10 + 5012620853128*x**9 - 2957449523823*x**8 + 1416010832388*x**7 - 433492739666*x**6 + 98176823964*x**5 + 708045093*x**4 - 13639622*x**3 - 311589*x**2 + 6552*x - 74,1,52*x**5 + 25*x**4 - 38*x**3 - 59*x**2 + 91*x - 74,94*x**3 - 63*x**2 + 72*x
212399319*x**15 + 4017117555*x**14 + 25957686150*x**13 + 43335976769*x**12 - 194973318561*x**11 - 689918747847*x**10 + 442424985257*x**9 + 3130640604018*x**8 - 188593932681*x**7 - 6013607989644*x**6 - 1475049475890*x**5 + 5332341512727*x**4 + 2798364133424*x**3 - 1556902950672*x**2 - 1494080927232*x - 306741688967,1,-33*x**5 + 74*x**4 - 25*x**3 + 90*x**2 - 76*x - 65,-23*x**3 - 87*x**2 + 96*x + 99
498046875*x**15 + 5777343750*x**14 + 30691640625*x**13 + 102807418750*x**12 + 252081055750*x**11 + 487775056668*x**10 + 770158037045*x**9 + 1014404588326*x**8 + 1130029366002*x**7 + 1065347756960*x**6 + 851484877946*x**5 + 571301284876*x**4 + 313682996840*x**3 + 139871114444*x**2 + 43855219941*x + 10305199441,1,-51*x**5 - 44*x**4 + 21*x**3 + 64*x**2 - 95*x - 9,-25*x**3 - 58*x**2 - 39*x - 46
-4505600000*x**15 - 20838400000*x**14 - 51504640000*x**13 - 48111552000*x**12 + 33373175200*x**11 + 178325304292*x**10 + 170724985980*x**9 - 31888903062*x**8 - 294542172912*x**7 - 184138512884*x**6 + 74411886672*x**5 + 254215931556*x**4 + 27401933864*x**3 - 69947604800*x**2 - 79638494106*x + 43612306741,1,-44*x**5 - 2*x**4 + 92*x**3 - 98*x**2 + 30*x - 53,40*x**3 + 37*x**2 + 23*x - 63
100931731456*x**15 - 39426457600*x**14 + 502933749760*x**13 + 239145598976*x**12 + 872837324160*x**11 + 1339083604618*x**10 + 1233410575114*x**9 + 2028520531444*x**8 + 1956326128884*x**7 + 1681603426248*x**6 + 1707415631100*x**5 + 1185142169565*x**4 + 704137339596*x**3 + 453670512879*x**2 + 186151530348*x + 29588032354,1,-94*x**5 + 36*x**4 + 94*x**3 - 89*x**2 - 96*x + 54,-64*x**3 + 5*x**2 - 63*x - 50
56112611328*x**15 - 210422292480*x**14 + 233802547200*x**13 + 287664473088*x**12 - 976363300224*x**11 + 633268069920*x**10 + 856667320560*x**9 - 1565277225552*x**8 + 368439749280*x**7 + 1095826103082*x**6 - 937458378873*x**5 - 115591474818*x**4 + 501269449122*x**3 - 158543869140*x**2 - 79888929078*x + 54448595614,1,29*x**5 - 62*x**4 + 6*x**3 - 16*x**2 + 94*x + 46,72*x**3 - 54*x**2 - 21*x + 72
73693152*x**15 - 859753440*x**14 + 3131958960*x**13 - 1250054208*x**12 - 12658390992*x**11 + 7795856016*x**10 + 30943330344*x**9 + 2610370800*x**8 - 38178820314*x**7 - 40482420318*x**6 - 20134147329*x**5 - 5725505056*x**4 - 979081654*x**3 - 99592020*x**2 - 5555342*x - 130848,1,-39*x**5 - 13*x**4 - 20*x**3 + 72*x**2 - 39*x + 47,-18*x**3 + 42*x**2 + 43*x + 5
-83672459*x**15 - 381982965*x**14 - 1788914010*x**13 - 4458241662*x**12 - 10842915231*x**11 - 16432925481*x**10 - 24776806259*x**9 - 20680976547*x**8 - 19497511665*x**7 - 2272587825*x**6 - 2781608940*x**5 + 5541061860*x**4 - 2038117219*x**3 + 322328487*x**2 - 23907180*x + 684251,1,-13*x**5 + 68*x**4 + 31*x**3 - 68*x**2 + 11*x + 51,23*x**3 + 21*x**2 + 60*x - 8
3188646*x**15 - 51372630*x**14 + 439127730*x**13 - 2327234814*x**12 + 8209901286*x**11 - 17898730974*x**10 + 17018479242*x**9 + 28246521858*x**8 - 105246941358*x**7 + 92015656779*x**6 + 163438703844*x**5 - 259718791843*x**4 - 36614716319*x**3 + 593497538686*x**2 + 512450339579*x + 125477022244,1,54*x**5 - 84*x**4 - 24*x**3 + 77*x**2 - 61*x - 56,9*x**3 - 29*x**2 + 61*x + 75
-301073291264*x**15 + 892717317120*x**14 + 61468451840*x**13 - 2523225099296*x**12 + 1681453553344*x**11 + 2481837307024*x**10 - 2906445196720*x**9 - 698864539266*x**8 + 1995346305680*x**7 - 385458658316*x**6 - 571787977580*x**5 + 288403099363*x**4 + 22304683856*x**3 - 48496212264*x**2 + 12962853376*x - 1142597033,1,-64*x**5 - 66*x**4 - 24*x**3 - 53*x**2 + 80*x - 25,86*x**3 - 51*x**2 - 64*x + 28
-9226406250*x**15 - 51257812500*x**14 - 40095000000*x**13 + 168785015625*x**12 + 94897125000*x**11 - 430889725000*x**10 + 87458594625*x**9 + 584255738750*x**8 - 614079866700*x**7 - 22131126200*x**6 + 537672964320*x**5 - 545391007360*x**4 + 295180912746*x**3 - 97126189052*x**2 + 18653694192*x - 1653798334,1,50*x**5 + 25*x**4 + 67*x**3 - 96*x**2 - 82*x + 2,-45*x**3 - 50*x**2 + 72*x - 32
-263225288672*x**15 - 1396378055760*x**14 - 1791372577280*x**13 + 3366685915256*x**12 + 10686502017634*x**11 + 3514106774383*x**10 - 17381763067809*x**9 - 19223331733386*x**8 + 7702934778236*x**7 + 23291451833345*x**6 + 6714331849037*x**5 - 10851067199529*x**4 - 7852072518588*x**3 + 725093902237*x**2 + 2184601000592*x + 573502370213,1,71*x**5 - 64*x**4 + 26*x**3 + 61*x**2 + 80*x - 91,-82*x**3 - 87*x**2 + 73*x + 96
-39652687872*x**15 + 247829299200*x**14 - 626654085120*x**13 + 810844360704*x**12 - 555798297600*x**11 + 187492822272*x**10 - 27789099520*x**9 + 4013436336*x**8 - 247259040*x**7 - 20670104*x**6 + 1681336*x**5 + 355476*x**4 - 27432*x**3 + 6422*x**2 - 174*x - 57,1,-72*x**5 + 99*x**4 + 85*x**3 + 83*x**2 - 87*x - 57,56*x**3 - 70*x**2 + 2*x
-118636749824*x**15 + 347229511680*x**14 - 797145799680*x**13 + 1602201820544*x**12 - 2439947433984*x**11 + 3333667594752*x**10 - 4035473772568*x**9 + 4136640831936*x**8 - 3881665186776*x**7 + 3209135483068*x**6 - 2267948008392*x**5 + 1460770542504*x**4 - 788521810136*x**3 + 338542100124*x**2 - 128879569584*x + 29661818951,1,32*x**5 + 24*x**4 - 37*x**3 - 63*x**2 - 56*x + 43,-82*x**3 + 48*x**2 - 54*x + 62
-1744830464*x**15 - 17175674880*x**14 - 74990223360*x**13 - 169259556864*x**12 - 142577483904*x**11 + 232319528244*x**10 + 727668703508*x**9 + 496602497457*x**8 - 664824475332*x**7 - 1246746681141*x**6 - 125538920793*x**5 + 1076394586860*x**4 + 501855504845*x**3 - 480913728543*x**2 - 289774057635*x + 172041269131,1,-52*x**5 + 41*x**4 + 63*x**3 + 88*x**2 - 25*x - 69,32*x**3 + 63*x**2 + 27*x - 80
-20641050630*x**15 - 4391712900*x**14 - 57466030500*x**13 + 172707775628*x**12 - 32732664208*x**11 + 397601198624*x**10 - 628711343558*x**9 + 251857640324*x**8 - 1055146533076*x**7 + 1172795598249*x**6 - 492877793244*x**5 + 1255462449632*x**4 - 1063291980027*x**3 + 306044324234*x**2 - 557495030898*x + 356288229018,1,-90*x**5 + 38*x**4 + 50*x**3 - 37*x**2 + 9*x - 60,47*x**3 + 2*x**2 + 26*x - 83
302223474*x**15 - 791537670*x**14 + 5002792200*x**13 - 8617693014*x**12 + 28862487066*x**11 - 31514167546*x**10 + 73314266500*x**9 - 39839327554*x**8 + 81399169160*x**7 + 4761617832*x**6 + 34134461744*x**5 + 28556277856*x**4 + 8374850368*x**3 + 1170570112*x**2 + 80001024*x + 2160570,1,-74*x**5 - 74*x**4 - 88*x**3 - 96*x**2 - 70,-21*x**3 + 11*x**2 - 58*x - 8
-1643686506*x**15 + 4482781380*x**14 - 12361609260*x**13 + 13083923358*x**12 - 14809874112*x**11 - 4745039616*x**10 + 5274437067*x**9 - 19336102434*x**8 - 4481684478*x**7 - 2900139057*x**6 - 12521719584*x**5 - 5384395368*x**4 - 2507235360*x**3 - 3807090180*x**2 - 1961875200*x - 308838366,1,-42*x**5 + 78*x**4 - 21*x**3 + 7*x**2 - 16*x - 30,33*x**3 - 18*x**2 + 30*x + 24
-119098502908*x**15 + 100537697260*x**14 - 699043329600*x**13 + 974167594092*x**12 - 1950582011532*x**11 + 3174013052628*x**10 - 3877590847647*x**9 + 5111551812681*x**8 - 5409507266139*x**7 + 4980000293837*x**6 - 4438071170318*x**5 + 3167064735270*x**4 - 1904097792972*x**3 + 1043400312020*x**2 - 384666394472*x + 60075402074,1,44*x**5 + 32*x**4 + 83*x**3 + 23*x**2 - 75*x - 57,-77*x**3 + 13*x**2 - 86*x + 67
2993746875*x**15 - 3421425000*x**14 + 3702470625*x**13 - 30477834625*x**12 + 27073214350*x**11 - 25446316876*x**10 + 118561999595*x**9 - 78775376974*x**8 + 63817110100*x**7 - 221975482109*x**6 + 100107586120*x**5 - 68895546535*x**4 + 200960810370*x**3 - 46956375521*x**2 + 26803933685*x - 70607913251,1,57*x**5 + 41*x**4 + 11*x**3 + 57*x**2 + 97*x - 29,35*x**3 - 8*x**2 + 5*x - 66
69*x**15 + 5520*x**14 + 208380*x**13 + 4880984*x**12 + 78699296*x**11 + 917230720*x**10 + 7901998465*x**9 + 50595782960*x**8 + 238820685076*x**7 + 813486651024*x**6 + 1931458864432*x**5 + 3057536681600*x**4 + 3108019235553*x**3 + 1934796514064*x**2 + 669728843740*x + 98666279927,1,69*x**5 - 76*x**4 - 95*x**3 - 60*x**2 - 47*x - 13,x**3 + 16*x**2 + 92*x + 68
-354294*x**15 - 13581270*x**14 - 215528850*x**13 - 1809057969*x**12 - 8416183986*x**11 - 19890359676*x**10 - 12475692171*x**9 + 36128321298*x**8 + 57157220268*x**7 - 20201172399*x**6 - 67632141924*x**5 + 5814043960*x**4 + 39316112664*x**3 - 5258460115*x**2 - 10149997731*x + 3012766253,1,6*x**5 - 29*x**4 - 35*x**3 - 88*x**2 - 25*x - 91,-9*x**3 - 69*x**2 - 37*x + 56
185707425*x**15 + 3420926250*x**14 + 28823232750*x**13 + 143610255462*x**12 + 456163072440*x**11 + 913253516208*x**10 + 987413638342*x**9 + 51247249332*x**8 - 1261128128844*x**7 - 1097917491056*x**6 + 522981522456*x**5 + 940661403504*x**4 - 224372364351*x**3 - 389415853694*x**2 + 206163553262*x - 29090191747,1,-75*x**5 - 78*x**4 - 34*x**3 + 72*x**2 + 53*x - 71,-19*x**3 - 70*x**2 - 74*x + 52
32893599744*x**15 - 221574942720*x**14 + 724940928000*x**13 - 1591458689664*x**12 + 2660835839976*x**11 - 3570613579121*x**10 + 3962107580024*x**9 - 3707286871031*x**8 + 2945911696408*x**7 - 1993880530445*x**6 + 1147023082600*x**5 - 553050926814*x**4 + 220097553200*x**3 - 69482301490*x**2 + 15974632688*x - 2440895530,1,17*x**5 - 69*x**4 + 61*x**3 + 48*x**2 + 70*x + 74,72*x**3 - 97*x**2 + 56*x - 42
-38797312*x**15 + 12124160*x**14 + 253091840*x**13 - 301321728*x**12 - 602938768*x**11 + 1367757541*x**10 + 53047757*x**9 - 2443162378*x**8 + 2021449194*x**7 + 1177010791*x**6 - 2895568189*x**5 + 1351772057*x**4 + 763774364*x**3 - 1201223714*x**2 + 572604879*x - 106692764,1,37*x**5 + 72*x**4 - 26*x**3 - 53*x**2 - 21*x + 16,-16*x**3 + x**2 + 21*x - 20
-36015421*x**15 + 1094314715*x**14 - 13133907670*x**13 + 77921092626*x**12 - 236712223657*x**11 + 402751912231*x**10 - 766132330604*x**9 + 1419552161780*x**8 - 670591212744*x**7 + 3045397631103*x**6 + 351276445542*x**5 + 3410981191191*x**4 + 743439836191*x**3 + 1821254475107*x**2 + 264889341276*x + 362619281995,1,97*x**5 + 66*x**4 + 32*x**3 - x**2 - 79*x - 99,-13*x**3 + 79*x**2 + 12*x + 82
192699928576*x**15 - 976177269760*x**14 + 1103287160320*x**13 + 1781035376000*x**12 - 3756769748400*x**11 - 787896021692*x**10 + 4298176314532*x**9 - 337681630397*x**8 - 2282056744740*x**7 + 402284899476*x**6 + 510133386882*x**5 - 160052986551*x**4 - 30984625218*x**3 + 20796705798*x**2 - 3368274606*x + 184792979,1,-76*x**5 - 25*x**4 + 18*x**3 - 28*x**2 - 52*x + 62,-76*x**3 + 77*x**2 + 69*x - 19
-1244160*x**15 + 24364800*x**14 - 151977600*x**13 + 127975392*x**12 + 1792082292*x**11 - 3186103493*x**10 - 10771044069*x**9 + 12914716615*x**8 + 39641295102*x**7 + 6798492873*x**6 - 21675725649*x**5 - 173718453*x**4 + 5616332508*x**3 - 2047893923*x**2 + 292368075*x - 15244454,1,-5*x**5 - 53*x**4 - 36*x**3 - 66*x**2 - 89*x + 52,12*x**3 - 47*x**2 - 75*x + 18
1300000*x**15 - 14950000*x**14 + 27170000*x**13 + 236549000*x**12 - 716407350*x**11 - 1659515659*x**10 + 5458345040*x**9 + 7301977640*x**8 - 17098001300*x**7 - 18614063718*x**6 + 15550376736*x**5 + 7019833288*x**4 - 9124817282*x**3 + 3161791659*x**2 - 478403776*x + 27414662,1,13*x**5 - 35*x**4 - 36*x**3 + 88*x**2 + 98*x - 96,10*x**3 - 23*x**2 - 64*x + 19
18322656640*x**15 + 106389619200*x**14 + 384518395200*x**13 + 969575456592*x**12 + 1896530275008*x**11 + 2959858109664*x**10 + 3782144936656*x**9 + 3984403889016*x**8 + 3468195873936*x**7 + 2477754402496*x**6 + 1430105393736*x**5 + 649632187821*x**4 + 221496269388*x**3 + 52328376306*x**2 + 7491297591*x + 482323489,1,-20*x**5 - 3*x**4 + 46*x**3 - 2*x**2 + 93*x + 79,-62*x**3 - 72*x**2 - 93*x - 30
380859375*x**15 - 2437500000*x**14 + 13095468750*x**13 - 49995012500*x**12 + 157231183000*x**11 - 415735522848*x**10 + 928745618125*x**9 - 1795480481984*x**8 + 2982294959670*x**7 - 4251175832936*x**6 + 5181184637660*x**5 - 5261239110368*x**4 + 4343520153395*x**3 - 2778277616896*x**2 + 1187144712270*x - 239257586180,1,-39*x**5 + 61*x**4 - 91*x**3 + 55*x**2 - 29*x - 67,-25*x**3 + 32*x**2 - 90*x + 91
180784159360*x**15 - 516526169600*x**14 + 1392775921600*x**13 - 2340496029312*x**12 + 3479556705856*x**11 - 3983511777280*x**10 + 3963972688984*x**9 - 3224411518496*x**8 + 2229452219316*x**7 - 1270219368012*x**6 + 587409687398*x**5 - 214930005268*x**4 + 57176233821*x**3 - 9897287619*x**2 + 972201510*x - 40714159,1,-20*x**5 + 68*x**4 - 7*x**3 - 20*x**2 + 63*x + 29,-98*x**3 + 56*x**2 - 87*x + 19
-8168446*x**15 - 235628250*x**14 - 2495726090*x**13 - 10424182964*x**12 - 515741590*x**11 + 97151651002*x**10 + 60784324501*x**9 - 426834937701*x**8 + 112028331724*x**7 + 392684843565*x**6 - 79305662296*x**5 - 185587682077*x**4 - 10063661903*x**3 + 38246756018*x**2 + 13281892610*x + 1348874944,1,22*x**5 - 94*x**4 - 11*x**3 + 25*x**2 + 55*x - 53,-13*x**3 - 75*x**2 + 71*x + 37
-3910*x**3 - 46*x**2 - 4002*x + 42*(85*x**3 + x**2 + 87*x + 39)**5 - 36*(85*x**3 + x**2 + 87*x + 39)**4 - 27*(85*x**3 + x**2 + 87*x + 39)**3 - 1788,1,42*x**5 - 36*x**4 - 27*x**3 - 46*x + 6,85*x**3 + x**2 + 87*x + 39
184542826496*x**15 + 541593077760*x**14 + 1468231797760*x**13 + 2596698863616*x**12 + 3964053671168*x**11 + 4858300520832*x**10 + 5090659180928*x**9 + 4520270719584*x**8 + 3403690805392*x**7 + 2177599975328*x**6 + 1157082638108*x**5 + 501249222082*x**4 + 170223444597*x**3 + 41095756466*x**2 + 6001273251*x + 387126313,1,28*x**5 - 24*x**4 - 93*x**3 - 79*x**2 - 18*x + 97,92*x**3 + 54*x**2 + 83*x + 27
-278400000*x**15 - 4245600000*x**14 - 27150960000*x**13 - 94477388000*x**12 - 195125736700*x**11 - 248405546187*x**10 - 203283528950*x**9 - 116021275394*x**8 - 48497216268*x**7 - 15301182273*x**6 - 3688472926*x**5 - 678844732*x**4 - 93670148*x**3 - 9313423*x**2 - 608166*x - 20768,1,-87*x**5 + 31*x**4 - 59*x**3 - 37*x**2 - 85*x + 43,20*x**3 + 61*x**2 + 18*x + 3
51200*x**15 + 1408000*x**14 + 17408000*x**13 + 125809664*x**12 + 576020608*x**11 + 1669209536*x**10 + 2733436160*x**9 + 1086339456*x**8 - 4401789744*x**7 - 6455179480*x**6 + 2108486184*x**5 + 7978576836*x**4 - 1591005588*x**3 - 4992635274*x**2 + 3029999490*x - 508852040,1,-50*x**5 - 56*x**4 + 83*x**3 + 14*x**2 - 58*x + 35,-4*x**3 - 22*x**2 - 30*x + 25
-103809024*x**15 + 2724986880*x**14 - 28028436480*x**13 + 138475962368*x**12 - 310054760448*x**11 + 180957477888*x**10 + 69482046976*x**9 + 398107565568*x**8 + 255317342976*x**7 + 227375920896*x**6 + 98865865728*x**5 + 48824761392*x**4 + 13539394952*x**3 + 4163048256*x**2 + 603426096*x + 108098874,1,99*x**5 + 68*x**4 - 39*x**3 - 24*x**2 - 40*x - 70,-16*x**3 + 84*x**2 + 18*x + 16
173045071875*x**15 - 946658334375*x**14 + 1766137522500*x**13 - 628663903625*x**12 - 2056778524425*x**11 + 2360064196923*x**10 + 287972537410*x**9 - 1675588219227*x**8 + 518259448440*x**7 + 486429091718*x**6 - 290496821340*x**5 - 45243282378*x**4 + 59940280835*x**3 - 4816074651*x**2 - 4490382210*x + 885794032,1,39*x**5 - 77*x**4 + 16*x**3 + 38*x**2 - 73*x + 22,85*x**3 - 93*x**2 - 30*x + 30
320*x**3 + 4736*x**2 + 3*(5*x**3 + 74*x**2 + 75)**5 - 34*(5*x**3 + 74*x**2 + 75)**4 + 32*(5*x**3 + 74*x**2 + 75)**3 + 26*(5*x**3 + 74*x**2 + 75)**2 + 4706,1,-3*x**5 - 34*x**4 - 32*x**3 + 26*x**2 - 64*x - 94,-5*x**3 - 74*x**2 - 75
-446541693364*x**15 + 1749338592560*x**14 - 2810284448140*x**13 + 1918702775448*x**12 + 296134977464*x**11 - 1421198076608*x**10 + 774932782833*x**9 + 147898727756*x**8 - 313218348003*x**7 + 74255413699*x**6 + 44882340639*x**5 - 23520837018*x**4 - 1814107490*x**3 + 2727525503*x**2 - 109002039*x - 140270313,1,-52*x**5 - 92*x**4 + 65*x**3 + 82*x**2 + 48*x + 18,97*x**3 - 76*x**2 + 3*x + 19
432740171776*x**15 - 1770300702720*x**14 + 1200317521920*x**13 + 2885602734080*x**12 - 2213580441600*x**11 - 3233112121344*x**10 + 944681119488*x**9 + 2397882213504*x**8 + 674024777712*x**7 - 572334101808*x**6 - 555928708698*x**5 - 224759412369*x**4 - 52730818064*x**3 - 7478862453*x**2 - 599376435*x - 20974351,1,82*x**5 - 25*x**4 + 24*x**3 - 69*x**2 + 31*x + 53,88*x**3 - 72*x**2 - 69*x - 12
-168608018750*x**15 + 277707325000*x**14 - 559848632500*x**13 + 1369169181625*x**12 - 1662607874400*x**11 + 2368994968984*x**10 - 3381758722625*x**9 + 3114733973596*x**8 - 3352669059194*x**7 + 3354461037253*x**6 - 2258691803364*x**5 + 1853850911804*x**4 - 1310735374651*x**3 + 540807627480*x**2 - 324849970378*x + 140029760666,1,38*x**5 - 19*x**4 + 13*x**3 + 71*x**2 + 79*x - 72,-85*x**3 + 28*x**2 - 38*x + 82
72906755778*x**15 + 500553845640*x**14 + 1521557009370*x**13 + 2484152249884*x**12 + 1921185316436*x**11 - 353101865952*x**10 - 2091985393859*x**9 - 1432970171708*x**8 + 324920178861*x**7 + 865550714631*x**6 + 212097269285*x**5 - 219916255354*x**4 - 98646803741*x**3 + 32695140815*x**2 + 16265508858*x - 4655934702,1,54*x**5 + 94*x**4 + 23*x**3 + 50*x**2 + 79*x - 42,67*x**3 + 92*x**2 + 27*x - 39
34408689678*x**15 - 231884647830*x**14 + 772189970310*x**13 - 1617863961717*x**12 + 2327130448146*x**11 - 2356942886892*x**10 + 1656033861087*x**9 - 743307505110*x**8 + 153377016402*x**7 + 28200488322*x**6 - 20176770628*x**5 + 43769151*x**4 + 1440046478*x**3 + 244899888*x**2 + 15899615*x + 371521,1,22*x**5 - 97*x**4 + 89*x**3 + 25*x**2 + 93*x + 25,69*x**3 - 93*x**2 + 59*x + 8
17408*x**15 - 1066240*x**14 + 27559040*x**13 - 390148512*x**12 + 3289306388*x**11 - 16883035457*x**10 + 52224128058*x**9 - 94010411707*x**8 + 87513578676*x**7 - 22544231441*x**6 - 19207831842*x**5 + 5508397413*x**4 + 4123184860*x**3 + 807728030*x**2 + 68319372*x + 2175155,1,-17*x**5 + 43*x**4 - 41*x**3 + 43*x**2 + 18*x + 35,-4*x**3 + 49*x**2 - 66*x - 10
72557505755*x**15 - 44727229575*x**14 + 165089089375*x**13 - 221796566417*x**12 + 216221320919*x**11 - 308113968839*x**10 + 268494941274*x**9 - 224043239478*x**8 + 203507959897*x**7 - 130305182778*x**6 + 82254656741*x**5 - 52016854336*x**4 + 22753042483*x**3 - 9395948698*x**2 + 3880615092*x - 728643808,1,-35*x**5 - 12*x**4 - 95*x**3 + 57*x**2 + 94*x + 71,-73*x**3 + 9*x**2 - 31*x + 29
-9730057216*x**15 - 68552675840*x**14 - 105844527360*x**13 + 176728364032*x**12 + 290665169344*x**11 - 607681340768*x**10 - 206732157424*x**9 + 1228199105536*x**8 - 924331568876*x**7 - 485233864770*x**6 + 1481465142861*x**5 - 1394109060911*x**4 + 765888699487*x**3 - 265628870280*x**2 + 55196037264*x - 5481619831,1,59*x**5 - 68*x**4 + 19*x**3 + 33*x**2 + 30*x - 64,-44*x**3 - 62*x**2 + 79*x - 39
-27677834622*x**15 - 135961292880*x**14 - 473521833630*x**13 - 1024841381634*x**12 - 1748501158668*x**11 - 2050597980872*x**10 - 1887299687366*x**9 - 954026371900*x**8 - 272395174748*x**7 + 277949305348*x**6 + 77559198316*x**5 + 63872914534*x**4 - 80238060527*x**3 + 24641756644*x**2 - 3150244585*x + 148624461,1,46*x**5 + 6*x**4 + 58*x**3 + 4*x**2 - 59*x + 41,-57*x**3 - 56*x**2 - 85*x + 20
168608018750*x**15 - 158689900000*x**14 + 535811780000*x**13 - 852449428000*x**12 + 1003430630400*x**11 - 1509451839488*x**10 + 1542894183315*x**9 - 1470285090128*x**8 + 1446857435376*x**7 - 1069436528690*x**6 + 756394518080*x**5 - 517378234816*x**4 + 257473107758*x**3 - 118002424160*x**2 + 51173185056*x - 10376271103,1,38*x**5 + 62*x**4 - 5*x**3 - 89*x**2 + 77*x - 86,85*x**3 - 16*x**2 + 48*x - 49
-2888703125*x**15 + 20633593750*x**14 - 83300765625*x**13 + 194902277500*x**12 - 277829256250*x**11 + 112800776500*x**10 + 299364934625*x**9 - 662940573350*x**8 + 293291882300*x**7 + 356684684215*x**6 - 741766075300*x**5 - 59404356356*x**4 + 308755305671*x**3 - 316632753643*x**2 - 366237244752*x - 85566083262,1,-55*x**5 + 19*x**4 + 75*x**3 + 68*x**2 + 54*x - 15,35*x**3 - 50*x**2 + 59*x + 69
-5045590154*x**15 + 47772076990*x**14 - 140666668010*x**13 + 73391948540*x**12 + 142712924870*x**11 + 299818010258*x**10 - 435548310019*x**9 - 777149671611*x**8 - 550919098578*x**7 + 682327772123*x**6 + 1572887443486*x**5 + 1751069520709*x**4 + 1174848936809*x**3 + 556410408292*x**2 + 161676729600*x + 28677601995,1,-22*x**5 - 50*x**4 + 57*x**3 - 99*x**2 + 97*x + 92,47*x**3 - 89*x**2 - 75*x - 67
-26624*x**15 - 432640*x**14 - 3377920*x**13 - 18347072*x**12 - 79600456*x**11 - 283135410*x**10 - 848979522*x**9 - 2206153097*x**8 - 4936878508*x**7 - 9591514769*x**6 - 16287187881*x**5 - 23361267958*x**4 - 28768228781*x**3 - 29178572611*x**2 - 21210497729*x - 13885156308,1,26*x**5 - 87*x**4 + 21*x**3 - 55*x**2 - 38*x - 23,-4*x**3 - 13*x**2 - 17*x - 55
-225622639*x**15 - 2567430030*x**14 - 12230839610*x**13 - 33086728807*x**12 - 61668074512*x**11 - 93636057856*x**10 - 119669286940*x**9 - 124996969152*x**8 - 116659989080*x**7 - 93997766819*x**6 - 61321484812*x**5 - 41320356000*x**4 - 16658821358*x**3 - 9987067816*x**2 - 1839956132*x - 1030133993,1,11*x**5 - 77*x**4 - 36*x**3 + 21*x**2 - 70*x - 49,-29*x**3 - 66*x**2 - 14*x - 38
5062108861*x**15 - 45832607255*x**14 + 225502343965*x**13 - 727378432572*x**12 + 1691984470333*x**11 - 2908326822541*x**10 + 3733058560312*x**9 - 3470428043093*x**8 + 2204478834507*x**7 - 759542244734*x**6 + 17942054967*x**5 + 89331577191*x**4 + 16625571655*x**3 + 1292402234*x**2 + 47221512*x + 670250,1,73*x**5 + 88*x**4 - 67*x**3 + 72*x**2 + 76*x - 22,37*x**3 - 67*x**2 + 87*x + 6
290252554240*x**15 + 115441356800*x**14 - 542349491200*x**13 - 554816510336*x**12 + 291819778184*x**11 + 671900558241*x**10 + 176206060250*x**9 - 306819873365*x**8 - 246653499856*x**7 + 149631919*x**6 + 82973935466*x**5 + 37878546025*x**4 - 1522673244*x**3 - 7121206905*x**2 - 2579900042*x - 347972364,1,55*x**5 + 24*x**4 + 59*x**3 + 54*x**2 + 21*x + 87,88*x**3 + 7*x**2 - 34*x - 23
-189399949866*x**15 + 1034080186050*x**14 - 2116830328830*x**13 + 1387604977065*x**12 + 1634296850490*x**11 - 3322495586240*x**10 + 1104753451870*x**9 + 1775417339115*x**8 - 1616773314390*x**7 - 139885354821*x**6 + 677709635244*x**5 - 161901451222*x**4 - 122399865331*x**3 + 52896832804*x**2 + 7903294919*x - 5143354961,1,38*x**5 - 55*x**4 + 80*x**3 - 9*x**2 + 47*x + 25,-87*x**3 + 95*x**2 + 13*x - 42
-8494930080*x**15 + 25282530000*x**14 + 22489412400*x**13 - 133534027368*x**12 + 38722810350*x**11 + 262973544257*x**10 - 212939997332*x**9 - 213071247313*x**8 + 303198964976*x**7 + 16526148388*x**6 - 176451402676*x**5 + 69612212065*x**4 + 25818123494*x**3 - 27027218779*x**2 + 7664135908*x - 765086344,1,-65*x**5 + 17*x**4 - 32*x**3 - 7*x**2 + 63*x + 30,42*x**3 - 25*x**2 - 52*x + 26
-93*(74*x**3 + 61*x**2 + 67*x + 45)**5 - 30*(74*x**3 + 61*x**2 + 67*x + 45)**4 + 8*(74*x**3 + 61*x**2 + 67*x + 45)**3 - 58*(74*x**3 + 61*x**2 + 67*x + 45)**2 + 47,1,93*x**5 - 30*x**4 - 8*x**3 - 58*x**2 + 47,-74*x**3 - 61*x**2 - 67*x - 45
261382464*x**15 + 3920736960*x**14 + 28254199680*x**13 + 123052018320*x**12 + 344159504640*x**11 + 589462205472*x**10 + 439831091133*x**9 - 435275256843*x**8 - 1289926935885*x**7 - 675180899337*x**6 + 1016423314612*x**5 + 1079085991040*x**4 - 513370279103*x**3 - 750819640829*x**2 + 543223198236*x - 98268822315,1,64*x**5 + 80*x**4 - 47*x**3 + 79*x**2 + 24*x - 45,21*x**3 + 63*x**2 + 76*x - 69
-215243642528*x**15 + 828978893520*x**14 - 2309663337280*x**13 + 4397246037944*x**12 - 6751228314218*x**11 + 8241516730769*x**10 - 8373915754951*x**9 + 7014383943633*x**8 - 4887974730154*x**7 + 2794110466222*x**6 - 1287207593252*x**5 + 463849518936*x**4 - 122660669297*x**3 + 21672794510*x**2 - 2235151710*x + 100552395,1,-97*x**5 - 21*x**4 - 51*x**3 + 28*x**2 - 50*x - 85,74*x**3 - 57*x**2 + 71*x - 16
294912000000*x**15 + 995328000000*x**14 - 444211200000*x**13 - 4715709440000*x**12 - 2393380800000*x**11 + 8304777088960*x**10 + 7989170856160*x**9 - 5934270877248*x**8 - 9441399406704*x**7 + 213511413748*x**6 + 4792600198794*x**5 + 1746715627264*x**4 - 647112878237*x**3 - 596134647876*x**2 - 151332849978*x - 13463873604,1,-90*x**5 - 68*x**4 - 9*x**3 + 45*x**2 - 67*x - 27,-80*x**3 - 54*x**2 + 97*x + 43
243200000*x**15 - 3161600000*x**14 + 17960320000*x**13 - 53389792000*x**12 + 67323865600*x**11 + 69830515968*x**10 - 369223284160*x**9 + 374407846304*x**8 + 383206805440*x**7 - 1079557133888*x**6 + 244823150400*x**5 + 1202027451145*x**4 - 729172623385*x**3 - 736607377374*x**2 + 493975490925*x + 335567542099,1,76*x**5 - 31*x**4 - 49*x**3 - 25*x**2 - 38*x - 46,20*x**3 - 52*x**2 + 25*x + 85
73887621984*x**15 + 414218486880*x**14 + 391489053120*x**13 - 936350043552*x**12 + 32282472288*x**11 + 3104798648992*x**10 - 2237855361744*x**9 - 2808051724816*x**8 + 6955001421456*x**7 - 3855831954004*x**6 - 2922181849512*x**5 + 7176884890332*x**4 - 6278723272872*x**3 + 3278748753720*x**2 - 1006488512640*x + 161890658763,1,-59*x**5 + 63*x**4 + 52*x**3 - 85*x**2 + 57*x - 13,-66*x**3 - 74*x**2 + 96*x - 77
-1093500000*x**15 - 13668750000*x**14 - 55404000000*x**13 - 27559035000*x**12 + 349446656250*x**11 + 632329088625*x**10 - 686866969125*x**9 - 2219951041650*x**8 + 190422732600*x**7 + 3339168373245*x**6 + 1086511750275*x**5 - 2261287464581*x**4 - 1418661096222*x**3 + 435565378669*x**2 + 540904693586*x + 116221287512,1,45*x**5 + 64*x**4 - 28*x**3 - 41*x**2 - 74*x + 96,-30*x**3 - 75*x**2 + 71*x + 76
64072265625*x**15 + 264832031250*x**14 + 369511875000*x**13 - 93234037500*x**12 - 859360698000*x**11 - 801596497536*x**10 + 316729438890*x**9 + 1050886003276*x**8 + 465895289368*x**7 - 429701370006*x**6 - 479246365880*x**5 - 23689868568*x**4 + 163495775449*x**3 + 58699420138*x**2 - 17903883952*x - 12007288731,1,27*x**5 - 89*x**4 + 92*x**3 - 22*x**2 - 16*x + 23,75*x**3 + 62*x**2 - 16*x - 53
5969145312*x**15 + 9395876880*x**14 + 11995607520*x**13 + 22689553464*x**12 + 22971351438*x**11 + 21680917781*x**10 + 24686932999*x**9 + 17956231635*x**8 + 13044741486*x**7 + 10719481340*x**6 + 5504329062*x**5 + 3063278215*x**4 + 1873419085*x**3 + 564600537*x**2 + 228262518*x + 98187275,1,-13*x**5 - 76*x**4 - 59*x**3 - 4*x**2 - 88*x + 75,-54*x**3 - 17*x**2 - 11*x - 25
-66560*x**15 - 332800*x**14 + 5241600*x**13 + 19073024*x**12 - 190155904*x**11 - 352693120*x**10 + 3821167776*x**9 + 432837632*x**8 - 39174564964*x**7 + 55163540428*x**6 + 121053757051*x**5 - 435441235768*x**4 + 540114763535*x**3 - 341124842776*x**2 + 110268616455*x - 14521767739,1,-65*x**5 + 79*x**4 + x**3 + 27*x**2 - 13*x + 62,4*x**3 + 4*x**2 - 71*x + 47
48600000*x**15 - 907200000*x**14 + 7778160000*x**13 - 39881427750*x**12 + 133435588800*x**11 - 296597532464*x**10 + 418163311105*x**9 - 302034828904*x**8 - 37634431898*x**7 + 236293888233*x**6 - 82382420228*x**5 - 90929909148*x**4 + 27756021601*x**3 + 31707447708*x**2 + 7840299218*x + 633743447,1,-64*x**5 + 26*x**4 + 89*x**3 - 32*x**2 + 86*x - 28,-15*x**3 + 56*x**2 - 62*x - 25
12075883785*x**15 + 20126472975*x**14 + 11049828300*x**13 + 57243372417*x**12 + 73923144981*x**11 + 28396889437*x**10 + 103157664793*x**9 + 101903880198*x**8 + 22367786499*x**7 + 91753946592*x**6 + 63118602288*x**5 + 3296718467*x**4 + 41957852666*x**3 + 14972263782*x**2 - 1744074036*x + 8242170270,1,35*x**5 + 42*x**4 + 99*x**3 - 58*x**2 - 42*x + 42,51*x**3 + 17*x**2 - 2*x + 47
-13072665399*x**15 + 105693890460*x**14 - 206919758115*x**13 - 228344206296*x**12 + 521061529722*x**11 + 1244081935752*x**10 - 436331128984*x**9 - 3080530750920*x**8 - 2971189613961*x**7 + 1128258081553*x**6 + 5404723337947*x**5 + 6406732995306*x**4 + 4390575094119*x**3 + 1931117613137*x**2 + 517302997521*x + 70155215251,1,-57*x**5 - 66*x**4 - 86*x**3 - 31*x**2 - 21*x - 11,47*x**3 - 76*x**2 - 97*x - 66
124806429020*x**15 - 288014836200*x**14 + 629307142100*x**13 - 287600951820*x**12 - 18110496040*x**11 + 1094105406240*x**10 - 477089072810*x**9 + 400710207660*x**8 + 1016305050250*x**7 - 152755640597*x**6 + 350181624658*x**5 + 589768764670*x**4 + 74164205958*x**3 + 101231764699*x**2 + 157149311232*x + 43751727505,1,-20*x**5 - 20*x**4 + 70*x**3 - 57*x**2 - 60*x - 83,-91*x**3 + 42*x**2 - 53*x - 74
4556250*x**15 - 19743750*x**14 - 43233750*x**13 + 92549250*x**12 + 697680450*x**11 + 160441842*x**10 - 3561011355*x**9 - 7871147185*x**8 + 3061188570*x**7 + 32674061553*x**6 + 49679017662*x**5 - 3044075107*x**4 - 106227798168*x**3 - 173050748859*x**2 - 131698453059*x - 49735838138,1,6*x**5 + 20*x**4 - 19*x**3 + 29*x**2 - 42*x + 62,15*x**3 - 13*x**2 - 51*x - 97
-2689120*x**15 + 31693200*x**14 - 206074400*x**13 + 827855000*x**12 - 2229277750*x**11 + 3600761165*x**10 - 2179860847*x**9 - 5164571223*x**8 + 11999307910*x**7 - 7385382090*x**6 - 14760320080*x**5 + 14578217227*x**4 + 1032894929*x**3 - 28006890167*x**2 - 20224230394*x - 4152935296,1,-5*x**5 + 50*x**4 + 87*x**3 - 38*x**2 - 62*x + 8,14*x**3 - 33*x**2 + 59*x + 63
-9025380855*x**15 + 44335204200*x**14 - 66530585250*x**13 + 34008169977*x**12 - 56810267064*x**11 + 101811099864*x**10 - 18237449922*x**9 + 22161492200*x**8 - 72987810196*x**7 - 15442611658*x**6 - 10865702104*x**5 + 25910611224*x**4 + 17734573237*x**3 + 12987001536*x**2 + 3645975086*x + 1034614805,1,-15*x**5 - 73*x**4 + 30*x**3 - 38*x**2 - 83*x + 91,57*x**3 - 56*x**2 - 26*x - 38
605052*x**15 - 18583740*x**14 + 266778540*x**13 - 2375446990*x**12 + 14678106100*x**11 - 66696299888*x**10 + 230322330753*x**9 - 615758805301*x**8 + 1285439653532*x**7 - 2096165507156*x**6 + 2649358394158*x**5 - 2549764219704*x**4 + 1809499928773*x**3 - 894343713501*x**2 + 275402615668*x - 39852774626,1,36*x**5 - 70*x**4 + 91*x**3 + 47*x**2 + 20*x + 30,7*x**3 - 43*x**2 + 89*x - 64
-801616228*x**15 - 7240404640*x**14 - 22280093080*x**13 - 12811680093*x**12 + 72114703808*x**11 + 136137334504*x**10 - 28770888050*x**9 - 268060815592*x**8 - 137387157204*x**7 + 215247630160*x**6 + 214268203816*x**5 - 54966231632*x**4 - 122589144775*x**3 - 16719857720*x**2 + 25445758350*x + 8413677200,1,-28*x**5 + 87*x**4 - 26*x**3 - 96*x**2 - 83*x + 96,31*x**3 + 56*x**2 - 30*x - 49
-922460348403*x**15 + 186355625940*x**14 - 1459315141515*x**13 + 1537072061085*x**12 - 1129235976990*x**11 + 1754879914588*x**10 - 1222170401270*x**9 + 886789270830*x**8 - 802179780255*x**7 + 427089179786*x**6 - 243783228159*x**5 + 151926331089*x**4 - 57274066565*x**3 + 21589640958*x**2 - 9206472473*x + 1661996221,1,97*x**5 - 15*x**4 + 80*x**3 + 66*x**2 + 87*x + 25,-99*x**3 + 4*x**2 - 31*x + 28
24461180928*x**15 - 170718658560*x**14 + 611635691520*x**13 - 1579380719616*x**12 + 3235291347456*x**11 - 5426744078112*x**10 + 7708027069152*x**9 - 9399451034230*x**8 + 9856892713592*x**7 - 8965306508907*x**6 + 7016306135531*x**5 - 4660819512881*x**4 + 2616155578981*x**3 - 1170989210479*x**2 + 396830864559*x - 94107538449,1,-96*x**5 + 74*x**4 + 3*x**3 - 25*x**2 - 6*x + 27,-48*x**3 + 67*x**2 - 53*x + 63
21750594173*x**15 - 99875177325*x**14 + 161249719400*x**13 + 90473341525*x**12 - 677612149375*x**11 + 782542861625*x**10 + 433474588071*x**9 - 1794281250540*x**8 + 1139553568705*x**7 + 1178050590406*x**6 - 1955430901160*x**5 + 344872201395*x**4 + 1119266862094*x**3 - 668024151670*x**2 - 157189521060*x + 251304258054,1,77*x**5 - 25*x**4 + 29*x**3 - 29*x**2 - 54*x - 26,49*x**3 - 45*x**2 - 10*x + 80
82234679938*x**15 - 79940339708*x**14 - 28115139561*x**13 + 71503205954*x**12 + 18050399560*x**11 - 32063359814*x**10 + 51897188369*x**9 + 69334394081*x**8 + 76948813946*x**7 - 4384768573*x**6 + 52244789286*x**5 - 10775454552*x**4 - 19932023554*x**3 - 53481874170*x**2 - 49168645691*x + 3178729515,0,,
-2646369795*x**15 - 75708371348*x**14 + 35570863372*x**13 + 93307467365*x**12 + 31904818089*x**11 + 8663990432*x**10 - 13564376265*x**9 + 62452030077*x**8 + 75261628018*x**7 + 91454358714*x**6 + 86938413401*x**5 - 84205757767*x**4 + 87963464212*x**3 - 56056113674*x**2 - 84272980158*x - 37831336326,0,,
28828632378*x**15 + 30056401850*x**14 - 8927739246*x**13 - 47267108925*x**12 + 73757799690*x**11 + 61297093815*x**10 + 20975429556*x**9 + 54183851546*x**8 + 55039484749*x**7 - 58387597552*x**6 + 39565256698*x**5 - 24762915576*x**4 + 96053189971*x**3 - 98438432647*x**2 + 29620248369*x - 72633353793,0,,
-77271066572*x**15 - 93041860672*x**14 + 56894055038*x**13 - 88095180193*x**12 + 13609238109*x**11 + 17026329291*x**10 + 7093376427*x**9 + 44030656287*x**8 + 25771265068*x**7 - 94499271652*x**6 + 31480810296*x**5 + 10360427121*x**4 + 73698741659*x**3 + 55277830836*x**2 - 99761011499*x - 26332910256,0,,
-27996766993*x**15 - 95874342086*x**14 - 37923292399*x**13 + 40692613513*x**12 + 91769814298*x**11 + 8789670256*x**10 + 45553054695*x**9 + 12563171407*x**8 + 83979648448*x**7 - 59437658416*x**6 - 32790643008*x**5 - 73471790772*x**4 - 19096458296*x**3 + 39692064227*x**2 + 87771823985*x - 57593890772,0,,
-88864989192*x**15 - 85109090947*x**14 + 43696184373*x**13 - 96038993843*x**12 - 57227489853*x**11 + 31889606752*x**10 + 60552296037*x**9 + 34297366839*x**8 - 8310990826*x**7 - 21814351282*x**6 + 68088883655*x**5 - 94066701547*x**4 - 48644634505*x**3 - 71146173232*x**2 + 7496229233*x - 748117936,0,,
-40970855508*x**15 + 28243896284*x**14 + 66761015839*x**13 + 50914846282*x**12 + 45084378548*x**11 + 67703646039*x**10 + 81431418509*x**9 - 68377886768*x**8 - 3092521012*x**7 + 58023280074*x**6 + 936946356*x**5 - 98093075162*x**4 - 68667154632*x**3 + 68689402017*x**2 + 13144600026*x - 35238645257,0,,
-59325564366*x**15 - 69619961650*x**14 - 39652791898*x**13 + 83013975897*x**12 - 74402987663*x**11 - 25928229506*x**10 - 80378241871*x**9 - 5690462627*x**8 + 17003304926*x**7 - 72040689785*x**6 + 31982870938*x**5 - 71568036718*x**4 - 18510059161*x**3 + 70656911177*x**2 + 83846577407*x + 61548872125,0,,
-90358734880*x**15 + 60618224655*x**14 - 48123683371*x**13 - 50747659718*x**12 - 47094878407*x**11 + 57922543124*x**10 + 55287381856*x**9 - 92744878434*x**8 + 11931617251*x**7 + 11056013013*x**6 + 11633547558*x**5 + 4574686332*x**4 - 70233159111*x**3 + 26219080050*x**2 - 10577031742*x + 61499107050,0,,
81440197680*x**15 - 9237370560*x**14 + 6894420972*x**13 - 8081916562*x**12 - 9377518324*x**11 + 73244544364*x**10 - 43909638204*x**9 + 93284625243*x**8 + 4250480870*x**7 + 26305941333*x**6 + 62500861229*x**5 + 49257546342*x**4 + 67608577901*x**3 + 50512903287*x**2 - 62679603059*x - 90167531581,0,,
666736360*x**15 - 75460550602*x**14 - 64768503926*x**13 + 29184230368*x**12 - 28737115938*x**11 - 33076234614*x**10 + 1735621535*x**9 + 49539066430*x**8 - 40054533863*x**7 + 49666688069*x**6 + 50339994564*x**5 - 30575690229*x**4 - 43550030819*x**3 - 85529828855*x**2 + 49777149742*x - 73043014097,0,,
-66415730795*x**15 - 69605309345*x**14 - 65531946227*x**13 - 61537493086*x**12 + 3757147278*x**11 - 68949286108*x**10 + 86168434637*x**9 - 31590471417*x**8 + 45483782505*x**7 - 51124347999*x**6 + 33240579143*x**5 + 65976993489*x**4 + 28050204407*x**3 + 9165147167*x**2 + 85494939994*x - 22978779433,0,,
89190610634*x**15 + 89509473241*x**14 + 28875768306*x**13 + 19706616999*x**12 + 6486885790*x**11 - 22630506410*x**10 + 23121864918*x**9 - 3270367675*x**8 - 61821872633*x**7 + 68502418827*x**6 + 69720293594*x**5 + 85878212521*x**4 + 98431821968*x**3 + 3366724379*x**2 + 2077602484*x + 79159337888,0,,
-78421835975*x**15 - 8192179046*x**14 - 51997577402*x**13 + 15803922877*x**12 - 32677077649*x**11 - 33915852041*x**10 + 23597765627*x**9 + 1358590883*x**8 + 15768405296*x**7 - 85525064306*x**6 - 67929889095*x**5 + 32082192300*x**4 + 26463310742*x**3 - 19547221068*x**2 + 94139248418*x + 74424948857,0,,
-77987193102*x**15 - 41780185848*x**14 - 5176202886*x**13 - 66464933592*x**12 + 71659314666*x**11 - 96859148720*x**10 - 47833458499*x**9 - 11129852969*x**8 - 53658908966*x**7 + 87097022604*x**6 + 59027804428*x**5 - 94575238130*x**4 - 26764416891*x**3 + 10890899051*x**2 + 68610056636*x + 26440724258,0,,
-1084702665*x**15 + 90951948308*x**14 - 55720633734*x**13 - 16800734684*x**12 + 56396880067*x**11 + 72724929000*x**10 + 93757653452*x**9 + 31206670880*x**8 - 40513139173*x**7 + 813576032*x**6 + 56144326070*x**5 - 27280314979*x**4 - 42640728561*x**3 + 14725997966*x**2 + 58592371522*x - 50327588130,0,,
-62719939026*x**15 - 74341224310*x**14 - 84236668653*x**13 + 11837482328*x**12 + 83170976371*x**11 + 1869547074*x**10 + 57734352554*x**9 - 56894202058*x**8 - 75927498951*x**7 - 22905685504*x**6 - 45748662639*x**5 + 65179435001*x**4 + 58109504744*x**3 + 22163296113*x**2 - 11522651292*x - 33280396201,0,,
-9563491148*x**15 - 78111758743*x**14 - 53035691633*x**13 - 60469085963*x**12 - 59913702202*x**11 + 16382424330*x**10 - 98544232686*x**9 - 49856718018*x**8 - 10305120252*x**7 + 88687498774*x**6 + 79975969943*x**5 + 78624763479*x**4 - 92104554730*x**3 - 14926540373*x**2 - 33369786924*x - 95890841628,0,,
-85537875592*x**15 - 18606854258*x**14 - 7535695899*x**13 - 92185804454*x**12 + 44231744349*x**11 + 57574011866*x**10 - 93348250919*x**9 + 25777774681*x**8 + 90918766756*x**7 - 75618113654*x**6 + 37406884184*x**5 + 10141939327*x**4 - 50515802933*x**3 + 85925119127*x**2 + 25206160076*x - 58373755198,0,,
-82057582427*x**15 - 7378761747*x**14 + 16703641094*x**13 - 33469856951*x**12 - 71811183728*x**11 - 87402299889*x**10 - 53541197801*x**9 - 75854142182*x**8 + 60280130660*x**7 - 4013002722*x**6 - 66534785992*x**5 - 80514582993*x**4 + 68967070715*x**3 - 70656362726*x**2 + 49257068460*x + 79667442171,0,,
24434836412*x**15 + 64715599615*x**14 - 53822967519*x**13 - 73724860758*x**12 + 10943004118*x**11 + 65770867435*x**10 + 88243680312*x**9 + 89882889545*x**8 + 6233010831*x**7 + 52581697527*x**6 - 55833895025*x**5 + 17018150189*x**4 + 9590074195*x**3 - 49612827937*x**2 + 44705985498*x + 54673915567,0,,
-77030804175*x**15 + 45824170787*x**14 + 24341643803*x**13 - 35701654696*x**12 - 86259797828*x**11 + 17013087808*x**10 - 28477507636*x**9 + 87309198931*x**8 - 15394390317*x**7 - 5094963736*x**6 + 31742984602*x**5 - 22496855329*x**4 + 98907769873*x**3 - 44261087325*x**2 + 53952852570*x + 86394431256,0,,
27468118381*x**15 - 42105493382*x**14 - 84134713742*x**13 - 79493527576*x**12 - 48434676994*x**11 + 53638323504*x**10 + 32620479025*x**9 + 66297162016*x**8 + 72391671936*x**7 + 83732785720*x**6 + 84449966339*x**5 + 84060097779*x**4 + 18669449096*x**3 - 76056939756*x**2 - 78479621173*x - 18865897165,0,,
-25419624979*x**15 + 47380280564*x**14 - 63740924767*x**13 + 87918335846*x**12 + 70962820886*x**11 - 84768241244*x**10 - 79816843241*x**9 - 97958797207*x**8 - 36121280722*x**7 + 24588671574*x**6 - 94708508457*x**5 - 90637013515*x**4 + 39589828524*x**3 - 3104293737*x**2 + 30042300528*x + 85144077070,0,,
-50961022413*x**15 - 75960237895*x**14 - 95111163333*x**13 - 64374883390*x**12 - 68169849330*x**11 - 54531566564*x**10 + 47659328972*x**9 - 84866701764*x**8 + 88245258921*x**7 - 14481002776*x**6 + 6230621667*x**5 + 4554499876*x**4 - 39408543843*x**3 + 36261040453*x**2 - 66345758992*x - 19166296774,0,,
-50765771696*x**15 + 18376447944*x**14 - 2741071089*x**13 - 66436666415*x**12 - 24682078613*x**11 + 54047373082*x**10 - 84247802117*x**9 - 31827262494*x**8 + 12540698716*x**7 - 43758403939*x**6 + 20535624431*x**5 + 6605992278*x**4 + 70364499373*x**3 + 35470829204*x**2 + 12460206471*x - 50608015714,0,,
1805832925*x**15 + 21270463191*x**14 + 9682184656*x**13 + 64246133217*x**12 - 89927234063*x**11 - 77783963180*x**10 - 56499137317*x**9 - 4658589856*x**8 + 94572099022*x**7 - 29640669096*x**6 - 90272787634*x**5 - 5727280961*x**4 + 56860833672*x**3 + 89409014479*x**2 - 34434436372*x + 55889075287,0,,
1930521536*x**15 + 95072338892*x**14 + 99414599292*x**13 + 15108648780*x**12 - 5014121246*x**11 - 65225641069*x**10 - 55712209611*x**9 - 82093494849*x**8 - 93877642639*x**7 - 1414492851*x**6 + 95570309373*x**5 - 80010548719*x**4 - 667254414*x**3 + 12445975215*x**2 + 50322999709*x + 49962951486,0,,
78972624115*x**15 - 7527572264*x**14 - 24043338999*x**13 - 900090694*x**12 - 5710985556*x**11 + 23529693066*x**10 + 3456752119*x**9 - 73222431363*x**8 - 12300015445*x**7 - 72085098681*x**6 + 73964675663*x**5 + 55134340642*x**4 - 81695166055*x**3 + 17999605137*x**2 - 57764788024*x - 12466646918,0,,
-21101015304*x**15 + 96013308975*x**14 + 17163418763*x**13 + 77334710913*x**12 - 30773372921*x**11 - 93040723775*x**10 + 97691921086*x**9 + 35043309507*x**8 - 54484577841*x**7 + 57257186105*x**6 + 85685967166*x**5 + 65533426042*x**4 + 16761565267*x**3 + 12391159028*x**2 + 9591626199*x - 47355854048,0,,
36860313164*x**15 - 45184687319*x**14 + 91785445021*x**13 - 99663280309*x**12 + 83426605511*x**11 - 96637344563*x**10 - 38428866221*x**9 - 97165834684*x**8 + 98885264034*x**7 + 33949480183*x**6 + 98675222936*x**5 + 46136605019*x**4 - 81285512163*x**3 + 20270497793*x**2 - 73953918201*x - 58500708221,0,,
22052644109*x**15 + 71682651068*x**14 - 27750810682*x**13 + 37844691995*x**12 + 94663004104*x**11 + 6406864074*x**10 + 33441170396*x**9 + 91763551121*x**8 - 91778485299*x**7 - 68361428944*x**6 - 93470604440*x**5 - 87670376670*x**4 - 32701203962*x**3 + 65291755152*x**2 - 75031605493*x + 32479789530,0,,
21087346641*x**15 + 96136494402*x**14 - 67749887757*x**13 - 87591507720*x**12 + 52996985547*x**11 - 16599824095*x**10 + 22169337300*x**9 + 10925724895*x**8 + 49732983224*x**7 + 98187241635*x**6 + 30405179661*x**5 - 41288895049*x**4 + 39011034510*x**3 - 12629339829*x**2 + 1992150022*x - 85104200226,0,,
59592069809*x**15 + 52309581397*x**14 + 56232207496*x**13 + 4841535399*x**12 - 48648505274*x**11 + 57285891621*x**10 + 59982250445*x**9 - 15476290778*x**8 - 26609132495*x**7 + 56522148317*x**6 + 934334980*x**5 + 84746001760*x**4 - 2162401385*x**3 - 68259579071*x**2 + 70356195544*x - 56110276564,0,,
-62112503591*x**15 - 12041685010*x**14 - 94461577235*x**13 + 52884510517*x**12 + 70886143018*x**11 - 37592969358*x**10 + 19619678762*x**9 + 560436225*x**8 - 8006696290*x**7 - 84709806531*x**6 + 53333255734*x**5 + 90114208914*x**4 - 77513957572*x**3 + 8719010594*x**2 + 22043853070*x + 5952785422,0,,
17630519685*x**15 - 97666585772*x**14 - 74712891808*x**13 + 73532292402*x**12 + 64462314896*x**11 - 43173949683*x**10 - 80329218442*x**9 + 88452703525*x**8 + 93163422123*x**7 + 83040923598*x**6 + 50372650827*x**5 + 32737758208*x**4 + 95481422810*x**3 - 2436639306*x**2 + 33765152983*x - 28456781733,0,,
-73950594778*x**15 - 54538506078*x**14 - 65378878336*x**13 + 95734011269*x**12 + 19026519954*x**11 + 9444739470*x**10 + 54086369464*x**9 + 14374147906*x**8 - 74080878193*x**7 - 20023311151*x**6 - 98995368225*x**5 - 81834292531*x**4 + 54051865865*x**3 - 85689197771*x**2 - 4801522317*x + 56463371025,0,,
78761006382*x**15 + 7589228815*x**14 + 27201069979*x**13 + 3021778703*x**12 + 4078653249*x**11 - 95910956618*x**10 - 46329637154*x**9 + 9323110130*x**8 + 6182179812*x**7 + 93731593360*x**6 - 95264905531*x**5 - 23949519245*x**4 + 52565652302*x**3 - 52164037380*x**2 - 15226308111*x - 52052573979,0,,
21578926400*x**15 + 42440498066*x**14 + 99571930363*x**13 + 35992568712*x**12 + 52512837448*x**11 - 55276229689*x**10 - 21092005357*x**9 + 11679279906*x**8 + 24927438999*x**7 + 21574757363*x**6 - 92300224463*x**5 - 40068474084*x**4 + 30330679520*x**3 - 70405439546*x**2 - 29669513040*x - 84951562451,0,,
-19318038732*x**15 + 33427857892*x**14 - 65530352993*x**13 - 94486595911*x**12 - 53140945594*x**11 + 67119454157*x**10 - 58532781298*x**9 + 69168844493*x**8 + 50700853168*x**7 - 61657424281*x**6 + 48813650564*x**5 + 13197631087*x**4 + 55917943697*x**3 - 65180531867*x**2 + 77573130519*x - 71156524357,0,,
33393973477*x**15 - 73999725495*x**14 + 35191594690*x**13 + 84576689023*x**12 - 71361336414*x**11 - 69228560729*x**10 + 18163701488*x**9 + 6017348708*x**8 - 66889014148*x**7 - 56199735873*x**6 + 40448443662*x**5 - 53311503799*x**4 + 50339979804*x**3 - 48799271901*x**2 - 67158364399*x + 35206522410,0,,
25362534197*x**15 - 29352340674*x**14 - 45505122485*x**13 + 266996892*x**12 - 42487484556*x**11 - 47982767353*x**10 + 2978145114*x**9 - 5708877452*x**8 - 36684299714*x**7 + 11462157303*x**6 + 29136489312*x**5 + 53374333792*x**4 - 75659098018*x**3 - 47665512504*x**2 - 10243233602*x + 57895952719,0,,
18446713444*x**15 + 82203185053*x**14 + 36913158860*x**13 - 43919794792*x**12 - 48330347197*x**11 - 73724769077*x**10 + 16761802730*x**9 + 20040876792*x**8 - 26607648329*x**7 - 66014503751*x**6 + 76594629785*x**5 + 30530388058*x**4 - 52346785473*x**3 + 99806905312*x**2 - 74405158007*x + 11727083917,0,,
45506963157*x**15 + 92978973081*x**14 + 58638655461*x**13 - 49822902286*x**12 + 58227979036*x**11 - 20852765039*x**10 - 23360763865*x**9 + 94139555152*x**8 + 41507274570*x**7 + 33478235545*x**6 + 84112776655*x**5 + 33223568919*x**4 - 83834705954*x**3 + 69018290181*x**2 + 6634421144*x + 39782323344,0,,
-75006836024*x**15 - 40386506868*x**14 - 32873373251*x**13 - 50129774741*x**12 - 13596343178*x**11 + 32149544061*x**10 - 62046531526*x**9 - 83132996014*x**8 + 59524209068*x**7 - 22152795931*x**6 - 932445800*x**5 + 58898738163*x**4 + 58348240111*x**3 - 69053645907*x**2 + 84258452954*x + 66572059788,0,,
24419041556*x**15 - 21531079039*x**14 + 44565630389*x**13 + 29876131408*x**12 + 47672975893*x**11 - 16937230708*x**10 - 29423466758*x**9 - 84295635682*x**8 - 84365045520*x**7 - 358462893*x**6 - 6014472543*x**5 + 87739054025*x**4 + 23795641569*x**3 + 75587340704*x**2 + 28336570653*x + 56025833614,0,,
77831921999*x**15 + 36196390697*x**14 - 14585904970*x**13 + 28318110526*x**12 - 80946337150*x**11 - 91719007209*x**10 - 24064945554*x**9 - 40275683334*x**8 - 31597476672*x**7 - 25536558002*x**6 - 88932197054*x**5 + 59298752762*x**4 + 33276440732*x**3 - 6208110557*x**2 - 8023106353*x + 30945069034,0,,
22080343634*x**15 - 25384457792*x**14 + 60827331079*x**13 - 45721586905*x**12 - 51754078761*x**11 - 15344681000*x**10 + 98437418860*x**9 + 28098376423*x**8 + 4515305362*x**7 - 34447123120*x**6 - 3397808871*x**5 - 61152653071*x**4 + 20319081151*x**3 + 20742179239*x**2 - 70362226142*x + 56916355228,0,,
8065615495*x**15 + 16696166932*x**14 - 89848834924*x**13 + 43847378498*x**12 + 33469526929*x**11 + 10470988041*x**10 - 25181075133*x**9 + 32378577005*x**8 - 10538374426*x**7 - 18129537295*x**6 - 77587024644*x**5 + 39270178352*x**4 + 21055408571*x**3 + 14933127826*x**2 + 34379801908*x - 83574491666,0,,
73080524945*x**15 + 37166186835*x**14 - 49882286699*x**13 - 11505793067*x**12 - 83971921804*x**11 + 93220685449*x**10 + 8245792438*x**9 + 24457449400*x**8 - 55081559946*x**7 + 45756337104*x**6 - 16159385650*x**5 - 4434847053*x**4 - 39989813122*x**3 - 39507909038*x**2 + 26362576028*x + 62376510330,0,,
25423125662*x**15 + 48360977000*x**14 - 1046684952*x**13 + 1402520704*x**12 + 8702242765*x**11 + 65543732580*x**10 - 51761971410*x**9 - 3486492054*x**8 + 69618965092*x**7 + 46817009198*x**6 + 7506624512*x**5 - 32425965483*x**4 + 35084487275*x**3 - 6611289257*x**2 + 53965439019*x + 80115783180,0,,
78186090343*x**15 + 64673758846*x**14 - 83362124302*x**13 + 90260541719*x**12 + 81219981941*x**11 + 81717415053*x**10 + 75791880789*x**9 + 99695714477*x**8 - 38510368036*x**7 - 21721520916*x**6 + 1313558121*x**5 + 89701840242*x**4 + 35761841606*x**3 + 67776203424*x**2 + 14474470443*x + 95096432489,0,,
61146770286*x**15 + 67760467748*x**14 + 61035244535*x**13 + 24319108563*x**12 + 76679950061*x**11 + 40025955841*x**10 - 6609621060*x**9 - 98912345474*x**8 + 89558993384*x**7 - 73467687556*x**6 - 29339367047*x**5 + 98308511773*x**4 + 98566600750*x**3 - 26862761482*x**2 + 27810498981*x + 37707086379,0,,
8597399352*x**15 + 31899077128*x**14 + 5297820904*x**13 - 69135250076*x**12 + 30890848487*x**11 - 22154702732*x**10 + 55451928208*x**9 + 44505830355*x**8 + 158647939*x**7 + 34133668963*x**6 + 7542407186*x**5 - 26587322057*x**4 - 85409967300*x**3 - 76668586557*x**2 - 44142475249*x - 29594858910,0,,
33244789058*x**15 + 81871354808*x**14 - 69461209513*x**13 + 31921896332*x**12 - 16808854536*x**11 + 61623905628*x**10 - 20112369697*x**9 - 26620005082*x**8 + 86595866875*x**7 + 16830676250*x**6 - 64761800336*x**5 - 34777768142*x**4 + 42581525194*x**3 - 55089361819*x**2 - 98350357120*x - 26857155875,0,,
90386034863*x**15 - 30327462874*x**14 - 73901483580*x**13 - 10706974836*x**12 + 13294486587*x**11 - 94067819739*x**10 - 90412409864*x**9 + 2287847201*x**8 + 98877094553*x**7 + 69847070780*x**6 + 74698977434*x**5 + 56095491603*x**4 + 46085163211*x**3 - 90662486835*x**2 - 80282225752*x - 46271096840,0,,
50462986294*x**15 - 66786018881*x**14 + 78738203735*x**13 - 32862184860*x**12 - 73702999220*x**11 + 33324746505*x**10 - 12041995159*x**9 + 37397035140*x**8 + 60283715194*x**7 + 17547377237*x**6 - 4321179488*x**5 + 10007865941*x**4 + 60244792245*x**3 - 67075446562*x**2 + 57381046507*x + 51873119515,0,,
-26888765457*x**15 + 13235792191*x**14 + 57663531451*x**13 - 19683814683*x**12 + 43810581623*x**11 + 21786892292*x**10 + 23899302031*x**9 - 27987504937*x**8 + 64875402752*x**7 - 22620817123*x**6 - 92985977119*x**5 + 88171125786*x**4 - 77361369706*x**3 - 87457765298*x**2 + 96910774086*x + 45038767674,0,,
63912852654*x**15 - 45115531772*x**14 - 33847960950*x**13 - 24744923067*x**12 + 59984471965*x**11 + 64220727426*x**10 + 74702715983*x**9 + 61708807664*x**8 - 56049977766*x**7 + 51347052233*x**6 + 19599881747*x**5 + 50084506940*x**4 - 34767535813*x**3 + 12277687323*x**2 + 39438226698*x - 32772952640,0,,
-69391354855*x**15 + 40016958999*x**14 - 12741070476*x**13 + 99321746655*x**12 - 51604001374*x**11 + 26571845074*x**10 - 62978440925*x**9 + 8487556063*x**8 + 28662818767*x**7 + 61184909940*x**6 - 71837052434*x**5 + 36076703692*x**4 + 5225124463*x**3 - 1857480163*x**2 + 72509439457*x - 24219213384,0,,
-52862727539*x**15 - 12941744830*x**14 - 82725639390*x**13 - 12771616350*x**12 - 93833199861*x**11 + 28056464234*x**10 - 32314083890*x**9 + 69355822063*x**8 + 12276602258*x**7 + 90681270974*x**6 + 52191956505*x**5 - 64773372924*x**4 - 94817413472*x**3 + 796140742*x**2 - 71195010427*x - 14422714934,0,,
44692993412*x**15 + 25135799774*x**14 + 8969964368*x**13 + 97932675676*x**12 + 47088393506*x**11 - 96068426769*x**10 - 15771373787*x**9 - 67285610613*x**8 + 25441200211*x**7 - 63353478568*x**6 - 7297244372*x**5 + 8398840930*x**4 + 2440621220*x**3 - 49611977911*x**2 - 99203251096*x + 27166733193,0,,
18970730542*x**15 - 73715982677*x**14 + 9624019823*x**13 - 44328417765*x**12 - 14118314715*x**11 - 71770158802*x**10 - 97391210372*x**9 + 34569866887*x**8 + 59161976700*x**7 + 60049755602*x**6 - 31481950750*x**5 + 31224807823*x**4 + 20896131209*x**3 - 26110598430*x**2 + 57177999567*x + 20432775216,0,,
60688970919*x**15 - 52916541475*x**14 - 28282463187*x**13 - 48652997958*x**12 - 31536230284*x**11 + 57435309405*x**10 - 31364299441*x**9 - 65781682776*x**8 + 29792227841*x**7 - 18991356971*x**6 - 57097739172*x**5 - 34594790733*x**4 - 88693244805*x**3 - 36522698962*x**2 - 44992804933*x - 79776039373,0,,
-19778393870*x**15 + 97336749236*x**14 - 13673316476*x**13 + 34699085061*x**12 - 76784423007*x**11 + 98058730811*x**10 - 45537417974*x**9 - 42235512157*x**8 + 95458036642*x**7 + 15027259790*x**6 + 63887760578*x**5 + 18611899723*x**4 - 7405617398*x**3 - 71597524244*x**2 + 36070615257*x - 81401365883,0,,
33704326548*x**15 - 9589538342*x**14 - 82686854722*x**13 - 27464354192*x**12 + 25609114824*x**11 - 1994989692*x**10 - 86458063157*x**9 + 56861733775*x**8 + 12517533733*x**7 - 54628458940*x**6 - 92815228629*x**5 + 39658258680*x**4 + 99323746924*x**3 + 63091102295*x**2 - 88398085333*x - 83329227761,0,,
36006362934*x**15 + 85349376427*x**14 - 55474803538*x**13 - 64640894531*x**12 + 55982842134*x**11 + 51456575379*x**10 + 31627957460*x**9 + 14138669755*x**8 - 71265566900*x**7 - 61917220014*x**6 - 79586502290*x**5 - 35138360253*x**4 - 60911580931*x**3 + 83881654446*x**2 - 58002673894*x + 85134071045,0,,
26796431109*x**15 + 76431989009*x**14 + 27023099504*x**13 + 12811006351*x**12 + 57662803535*x**11 - 4494585515*x**10 + 87451901447*x**9 - 86236118803*x**8 - 48960798928*x**7 + 63452504493*x**6 - 67547718677*x**5 - 46702487405*x**4 + 22705518323*x**3 - 32244878748*x**2 - 88152672928*x - 91723555597,0,,
75349278443*x**15 + 76526746296*x**14 + 62285929014*x**13 + 32886972157*x**12 + 91425634068*x**11 - 86812232248*x**10 + 58178299673*x**9 - 68532030743*x**8 - 76200933322*x**7 - 30331024922*x**6 + 36014198248*x**5 - 66627114357*x**4 + 60742142646*x**3 - 86258357616*x**2 + 13911387140*x + 83566664202,0,,
28983397412*x**15 - 85554547110*x**14 + 27028927343*x**13 - 95701962973*x**12 + 15733860427*x**11 + 94383376533*x**10 + 35882718794*x**9 + 6921053009*x**8 - 70682144589*x**7 + 41262375523*x**6 + 46015056879*x**5 + 50481539725*x**4 + 66480543194*x**3 - 47691770179*x**2 + 2789412070*x + 6821159788,0,,
-26304693082*x**15 - 10917321691*x**14 - 63060391162*x**13 - 55837552137*x**12 - 12671453231*x**11 + 68106452009*x**10 - 99812058299*x**9 - 90104582161*x**8 + 94298463751*x**7 - 71177884668*x**6 - 18502843723*x**5 + 46270610105*x**4 - 93814869619*x**3 - 96688542572*x**2 - 35661573296*x - 76696539701,0,,
-65974655889*x**15 - 13413903285*x**14 - 83646893222*x**13 - 72773661850*x**12 + 97988617846*x**11 + 53348048506*x**10 + 26551340827*x**9 + 73608028635*x**8 - 18778184871*x**7 - 78288047181*x**6 + 9988583087*x**5 - 75116480352*x**4 - 2721644832*x**3 - 1678934255*x**2 + 27940623228*x + 88503483850,0,,
27134817382*x**15 + 39834392143*x**14 - 27201001643*x**13 - 27081537799*x**12 + 76294340173*x**11 - 90286332800*x**10 + 86743649599*x**9 + 17093220908*x**8 - 11009337776*x**7 + 50960621074*x**6 - 22906188970*x**5 - 42666705608*x**4 + 95323744248*x**3 + 27232760513*x**2 + 37088682471*x - 19376017076,0,,
60161308518*x**15 + 10845117899*x**14 + 39930829296*x**13 + 34876121378*x**12 + 71082828121*x**11 + 9089907895*x**10 + 53065421173*x**9 - 81903050402*x**8 - 50344578347*x**7 + 90826236105*x**6 + 80968134838*x**5 + 17735990622*x**4 + 65272880278*x**3 - 46943286467*x**2 + 33550145056*x - 21362662847,0,,
42559646020*x**15 - 69137649454*x**14 - 43691000474*x**13 - 61244687864*x**12 + 7049650025*x**11 + 87467486378*x**10 + 60202239079*x**9 + 79984872998*x**8 - 78567130481*x**7 - 66378761536*x**6 - 39132706728*x**5 + 46389478816*x**4 - 38970673067*x**3 - 14600258467*x**2 - 6409140469*x - 83928468039,0,,
-86547983570*x**15 + 11382454308*x**14 + 31204585724*x**13 + 82955210049*x**12 - 19572433991*x**11 - 26825421162*x**10 - 37060132729*x**9 - 57601586676*x**8 + 3111169549*x**7 - 39356022649*x**6 + 67590198810*x**5 + 49098896018*x**4 + 24372999470*x**3 + 48138144253*x**2 - 44337572800*x - 15074789474,0,,
21946849485*x**15 - 45787085118*x**14 + 43396234707*x**13 + 60054646505*x**12 + 38035710563*x**11 - 22422494927*x**10 + 39653489290*x**9 - 41689243323*x**8 + 88827102201*x**7 - 30206634306*x**6 + 14508086560*x**5 - 92701403895*x**4 - 20700783498*x**3 - 91516843196*x**2 + 31012156410*x - 39320058561,0,,
20872498989*x**15 - 27177943669*x**14 - 10700290484*x**13 + 76957784785*x**12 + 38804727521*x**11 - 52852242061*x**10 - 57593133576*x**9 + 83316711612*x**8 + 94871649570*x**7 - 23105080852*x**6 - 73526583234*x**5 + 94908557899*x**4 - 49910336087*x**3 - 71573371712*x**2 + 84963858889*x + 16248112326,0,,
-49987716466*x**15 + 12050218978*x**14 + 91842821381*x**13 - 70789190041*x**12 - 79991498955*x**11 - 85311981349*x**10 + 30035556040*x**9 - 96435152011*x**8 + 71237127032*x**7 + 90450438447*x**6 + 12371833625*x**5 + 87353771368*x**4 + 97455555285*x**3 + 68782891755*x**2 + 31613947499*x + 51182754680,0,,
-64873537034*x**15 + 45023107935*x**14 - 68868621643*x**13 - 67607812874*x**12 - 2085573995*x**11 - 15519452147*x**10 + 10470314049*x**9 - 49372179140*x**8 - 83165269126*x**7 - 7025507916*x**6 - 70062206075*x**5 + 51945108930*x**4 + 18075456305*x**3 - 5990281359*x**2 + 52977929373*x - 53087007681,0,,
43134721847*x**15 - 57257103892*x**14 + 7725973332*x**13 + 4801576794*x**12 - 42244542083*x**11 + 78941918680*x**10 + 30420091559*x**9 - 39926415000*x**8 + 60556768528*x**7 - 70487261108*x**6 + 78557288609*x**5 + 27993238693*x**4 + 87935001492*x**3 + 95117726372*x**2 + 83120667328*x - 36649447428,0,,
-39640406738*x**15 + 14447251308*x**14 + 67186943778*x**13 - 8426926173*x**12 - 67357727483*x**11 - 41198590738*x**10 + 47163114989*x**9 - 73830185465*x**8 - 33148545478*x**7 + 93460487067*x**6 + 75402904620*x**5 - 53820775062*x**4 - 63539518893*x**3 + 51040228276*x**2 + 95122948445*x - 37785544060,0,,
20184932021*x**15 - 57337940872*x**14 - 39330951074*x**13 - 64280612553*x**12 - 24839911024*x**11 + 77659776100*x**10 - 69811820937*x**9 + 81862630813*x**8 - 33231068594*x**7 - 48380677871*x**6 + 86002242276*x**5 - 4966649122*x**4 + 98557108352*x**3 - 84058161037*x**2 - 61442648448*x - 93795274890,0,,
14676508839*x**15 - 32472555068*x**14 + 32654950195*x**13 - 7351969530*x**12 + 27005439354*x**11 + 21779729303*x**10 + 50588798549*x**9 + 6728423811*x**8 + 96818954938*x**7 - 40127437450*x**6 - 24763576061*x**5 + 61885245525*x**4 + 8079055959*x**3 + 62576355888*x**2 + 39260572842*x + 52334577824,0,,
18179347751*x**15 - 12347516635*x**14 - 53176877888*x**13 - 83845439761*x**12 + 18301408516*x**11 - 93053067694*x**10 - 72100081268*x**9 - 78563569938*x**8 + 38578672590*x**7 - 6098214348*x**6 - 24113733020*x**5 + 63995703633*x**4 - 22006658504*x**3 + 26162272953*x**2 - 58458129334*x - 36193457122,0,,
-35571754787*x**15 + 72037574635*x**14 + 44563954717*x**13 + 98326141462*x**12 + 16084800888*x**11 - 82036109722*x**10 - 59867176758*x**9 - 56405682378*x**8 - 78641242701*x**7 + 22667024295*x**6 - 47428624116*x**5 - 20968500434*x**4 + 86480281128*x**3 - 92081769425*x**2 - 25876011085*x - 91445221877,0,,
-66034945755*x**15 - 91025221394*x**14 - 52106035494*x**13 - 69825083289*x**12 + 95983793593*x**11 + 72208480217*x**10 + 44032113166*x**9 + 31950532854*x**8 + 49982827793*x**7 - 35470072007*x**6 - 46100534988*x**5 + 39928661431*x**4 - 4496646040*x**3 + 75461945059*x**2 - 95680397248*x + 9695502323,0,,
-70914072539*x**15 - 30906157257*x**14 + 79869605514*x**13 + 3832863014*x**12 - 55740466298*x**11 + 10426138348*x**10 + 13035287617*x**9 - 74368605376*x**8 - 45370085693*x**7 + 35360344513*x**6 - 28597661565*x**5 + 30706005691*x**4 + 26722213000*x**3 - 83119562370*x**2 + 98474631943*x - 74017423858,0,,
18083703261*x**15 - 6349387781*x**14 - 51945223513*x**13 - 20928161790*x**12 - 97693947664*x**11 - 17353712998*x**10 - 10833083262*x**9 - 17542784473*x**8 + 13162811091*x**7 - 97213997470*x**6 + 70963236207*x**5 - 26256699631*x**4 + 80483416761*x**3 - 24061424747*x**2 + 26910955041*x - 94422179831,0,,
87458827845*x**15 + 57892712923*x**14 - 27283778563*x**13 + 25139137755*x**12 - 30873113419*x**11 + 57159598103*x**10 + 76295385627*x**9 + 20516467732*x**8 + 42044885760*x**7 - 24579332408*x**6 - 30338562471*x**5 - 65393786472*x**4 - 64593119855*x**3 - 11099849860*x**2 - 15907933845*x + 76006793219,0,,
78792609257*x**15 - 31658495849*x**14 + 55192348206*x**13 - 46468484797*x**12 + 84244891690*x**11 + 42775077480*x**10 - 85367170757*x**9 - 60731561454*x**8 - 61954302690*x**7 + 56441608054*x**6 + 64236347430*x**5 - 45227409146*x**4 - 54305878407*x**3 - 25113925083*x**2 + 63213005231*x + 45162894096,0,,
33770060347*x**15 + 87622808264*x**14 + 90082440466*x**13 + 39657922452*x**12 - 85257335051*x**11 + 42871457093*x**10 + 77699728714*x**9 + 98083300962*x**8 + 28813060225*x**7 - 77476355250*x**6 - 9107839299*x**5 + 3384299051*x**4 - 40617437053*x**3 - 19539798800*x**2 + 3266043004*x + 6274218847,0,,
86990187432*x**15 + 35739505231*x**14 - 53662699847*x**13 - 1921827659*x**12 + 47904638154*x**11 - 891618722*x**10 - 70610360189*x**9 + 11967535010*x**8 - 57155304903*x**7 - 36892068960*x**6 + 50703914002*x**5 - 89073429728*x**4 + 11092344311*x**3 - 29516985626*x**2 + 55801237067*x - 68900599617,0,,
9039677127*x**15 + 13135704864*x**14 - 36674825953*x**13 + 20759714144*x**12 - 46904184540*x**11 + 19366029729*x**10 - 32324080186*x**9 - 95373891754*x**8 + 44349837178*x**7 - 18873775376*x**6 - 57407907051*x**5 + 16885763937*x**4 - 53692096797*x**3 + 86918508639*x**2 - 21363853739*x - 65869109220,0,,
-33076046722*x**15 + 50687697914*x**14 - 32771963891*x**13 + 39878747131*x**12 - 48113691127*x**11 - 6751697099*x**10 - 34055749724*x**9 - 536509408*x**8 + 61535367686*x**7 - 70122093422*x**6 + 91170247469*x**5 - 14921401393*x**4 - 6746944471*x**3 - 14528768959*x**2 + 32430320890*x - 83330829932,0,,
-18264829829*x**15 + 3992935997*x**14 + 25799003182*x**13 + 31368570372*x**12 - 35258652824*x**11 - 18193949825*x**10 + 86648713231*x**9 + 83050134860*x**8 + 71015092740*x**7 - 58402574623*x**6 - 41692855355*x**5 + 84060462412*x**4 - 43527236124*x**3 - 44142801070*x**2 + 5016146199*x + 87941963847,0,,
21864386474*x**15 + 51632830373*x**14 - 87993726673*x**13 - 61289017074*x**12 - 39303380567*x**11 - 59362295508*x**10 - 5077888242*x**9 + 38778401160*x**8 + 80258178223*x**7 + 15614070904*x**6 - 11636624538*x**5 - 28768518538*x**4 - 66026284206*x**3 - 97765526035*x**2 - 91697392651*x + 97847532429,0,,
-87641791816*x**15 - 42663653132*x**14 + 5164821079*x**13 - 36084317265*x**12 + 48750152738*x**11 + 58502223152*x**10 - 10673050796*x**9 - 7091202708*x**8 + 65159426962*x**7 - 10203414797*x**6 + 48660411237*x**5 - 52257189751*x**4 + 18738606814*x**3 - 56999829757*x**2 - 36073905796*x - 4829832252,0,,
82133652864*x**15 - 22564591882*x**14 + 44591136474*x**13 + 40750239640*x**12 - 88560069705*x**11 - 5616695637*x**10 + 29641723711*x**9 + 58999031319*x**8 - 98033198131*x**7 + 64009685979*x**6 - 99547918280*x**5 + 22966780330*x**4 + 27814325804*x**3 - 93401088617*x**2 - 78565527987*x + 38083567486,0,,
47294288404*x**15 - 45494926258*x**14 - 46452439802*x**13 + 6975687730*x**12 - 50580491316*x**11 - 94385851181*x**10 + 80417609678*x**9 - 95948008901*x**8 - 3265754214*x**7 - 9925478677*x**6 - 54043802398*x**5 + 60174140575*x**4 - 92079529233*x**3 + 89988888706*x**2 - 16069624639*x - 13385877070,0,,
